{"cameraMode":{"drawMode":0,"name":"Shaded","section":"Shading Mode"},"sceneLighting":false,"audioPlay":false,"sceneViewState":{"showFog":true,"showMaterialUpdate":false,"showSkybox":true,"showFlares":true,"showImageEffects":true,"showParticleSystems":true},"in2DMode":false,"pivot":{"x":0.19822415709495545,"y":0.7396917343139648,"z":-0.9225272536277771},"rotation":{"x":-0.06618440896272659,"y":-0.8801289200782776,"z":0.12883958220481873,"w":-0.452098548412323},"size":22.0,"orthographic":false}