{"cameraMode":{"drawMode":0,"name":"Shaded","section":"Shading Mode"},"sceneLighting":false,"audioPlay":false,"sceneViewState":{"showFog":true,"showMaterialUpdate":false,"showSkybox":true,"showFlares":true,"showImageEffects":true,"showParticleSystems":true},"in2DMode":false,"pivot":{"x":-26.909353256225587,"y":1.6048918962478638,"z":1.9063670635223389},"rotation":{"x":0.005253068637102842,"y":0.7143006324768066,"z":-0.005361743737012148,"w":0.6997987627983093},"size":6.757885456085205,"orthographic":false}