{"cameraMode":{"drawMode":0,"name":"Shaded","section":"Shading Mode"},"sceneLighting":false,"audioPlay":false,"sceneViewState":{"showFog":true,"showMaterialUpdate":false,"showSkybox":true,"showFlares":true,"showImageEffects":true,"showParticleSystems":true},"in2DMode":false,"pivot":{"x":-31.836597442626954,"y":-0.6743721961975098,"z":-4.009649276733398},"rotation":{"x":0.026160549372434617,"y":0.9732831120491028,"z":-0.17711447179317475,"w":0.1437574028968811},"size":6.757885456085205,"orthographic":false}