{"cameraMode":{"drawMode":0,"name":"Shaded","section":"Shading Mode"},"sceneLighting":false,"audioPlay":false,"sceneViewState":{"showFog":true,"showMaterialUpdate":false,"showSkybox":true,"showFlares":true,"showImageEffects":true,"showParticleSystems":true},"in2DMode":false,"pivot":{"x":-512.4599609375,"y":-382.1240234375,"z":369.5400085449219},"rotation":{"x":-0.2095593959093094,"y":0.5772702693939209,"z":-0.15639063715934754,"w":-0.7735540866851807},"size":1283.3988037109375,"orthographic":false}