{"cameraMode":{"drawMode":0,"name":"Shaded","section":"Shading Mode"},"sceneLighting":false,"audioPlay":false,"sceneViewState":{"showFog":true,"showMaterialUpdate":false,"showSkybox":true,"showFlares":true,"showImageEffects":true,"showParticleSystems":true},"in2DMode":false,"pivot":{"x":-1.9630515575408936,"y":0.5376414656639099,"z":3.9770586490631105},"rotation":{"x":0.28148120641708376,"y":-0.08627325296401978,"z":0.025423148646950723,"w":0.9553422927856445},"size":22.0,"orthographic":false}