{"cameraMode":{"drawMode":0,"name":"Shaded","section":"Shading Mode"},"sceneLighting":false,"audioPlay":false,"sceneViewState":{"showFog":true,"showMaterialUpdate":false,"showSkybox":true,"showFlares":true,"showImageEffects":true,"showParticleSystems":true},"in2DMode":false,"pivot":{"x":1.5888713598251343,"y":0.5121954083442688,"z":-3.6387345790863039},"rotation":{"x":0.08688289672136307,"y":0.6922464966773987,"z":-0.08454170823097229,"w":0.7114062905311585},"size":24.220508575439454,"orthographic":false}