{"cameraMode":{"drawMode":0,"name":"Shaded","section":"Shading Mode"},"sceneLighting":false,"audioPlay":false,"sceneViewState":{"showFog":true,"showMaterialUpdate":false,"showSkybox":true,"showFlares":true,"showImageEffects":true,"showParticleSystems":true},"in2DMode":false,"pivot":{"x":0.19822415709495545,"y":0.7396917343139648,"z":-0.9225272536277771},"rotation":{"x":-0.038993705064058307,"y":0.9608100056648254,"z":-0.20362858474254609,"w":-0.1840084344148636},"size":22.0,"orthographic":false}