{"cameraMode":{"drawMode":0,"name":"Shaded","section":"Shading Mode"},"sceneLighting":false,"audioPlay":false,"sceneViewState":{"showFog":true,"showMaterialUpdate":false,"showSkybox":true,"showFlares":true,"showImageEffects":true,"showParticleSystems":true},"in2DMode":false,"pivot":{"x":0.19822417199611665,"y":0.7396917343139648,"z":-0.9225273132324219},"rotation":{"x":-0.21194681525230409,"y":0.6499634981155396,"z":-0.1959531307220459,"w":-0.7030138373374939},"size":2.8578836917877199,"orthographic":false}