{"cameraMode":{"drawMode":0,"name":"Shaded","section":"Shading Mode"},"sceneLighting":false,"audioPlay":false,"sceneViewState":{"showFog":true,"showMaterialUpdate":false,"showSkybox":true,"showFlares":true,"showImageEffects":true,"showParticleSystems":true},"in2DMode":false,"pivot":{"x":-28.44157600402832,"y":-15.368219375610352,"z":-14.50590705871582},"rotation":{"x":0.07164913415908814,"y":-0.8690598011016846,"z":0.132109597325325,"w":0.4713263511657715},"size":102.4912338256836,"orthographic":false}