{"cameraMode":{"drawMode":0,"name":"Shaded","section":"Shading Mode"},"sceneLighting":false,"audioPlay":false,"sceneViewState":{"showFog":true,"showMaterialUpdate":false,"showSkybox":true,"showFlares":true,"showImageEffects":true,"showParticleSystems":true},"in2DMode":false,"pivot":{"x":-0.06534147262573242,"y":2.882058620452881,"z":-0.306942343711853},"rotation":{"x":-0.24028494954109193,"y":0.28260552883148196,"z":-0.07335314154624939,"w":-0.9257519245147705},"size":11.390826225280762,"orthographic":false}