{"cameraMode":{"drawMode":0,"name":"Shaded","section":"Shading Mode"},"sceneLighting":false,"audioPlay":false,"sceneViewState":{"showFog":true,"showMaterialUpdate":false,"showSkybox":true,"showFlares":true,"showImageEffects":true,"showParticleSystems":true},"in2DMode":false,"pivot":{"x":-10.072113037109375,"y":-0.9346240162849426,"z":13.981475830078125},"rotation":{"x":0.16432823240756989,"y":-0.30650803446769717,"z":0.053809911012649539,"w":0.9360308051109314},"size":37.00811004638672,"orthographic":false}