{"cameraMode":{"drawMode":0,"name":"Shaded","section":"Shading Mode"},"sceneLighting":false,"audioPlay":false,"sceneViewState":{"showFog":true,"showMaterialUpdate":false,"showSkybox":true,"showFlares":true,"showImageEffects":true,"showParticleSystems":true},"in2DMode":false,"pivot":{"x":8.114678382873536,"y":-7.791548252105713,"z":1.452033281326294},"rotation":{"x":0.20387378334999085,"y":0.7099154591560364,"z":-0.22815406322479249,"w":0.6343510746955872},"size":20.95779800415039,"orthographic":false}