{"cameraMode":{"drawMode":0,"name":"Shaded","section":"Shading Mode"},"sceneLighting":false,"audioPlay":false,"sceneViewState":{"showFog":true,"showMaterialUpdate":false,"showSkybox":true,"showFlares":true,"showImageEffects":true,"showParticleSystems":true},"in2DMode":false,"pivot":{"x":0.0006600320339202881,"y":-0.01977640390396118,"z":0.017808500677347184},"rotation":{"x":-0.15533185005187989,"y":0.8192813396453857,"z":-0.261950820684433,"w":-0.48583120107650759},"size":4.213764667510986,"orthographic":false}